Status,Email Status,Reviewer Notes,Reviewed by,Organization - Analyst,Person - Analyst,Skip,Analyst Skip,Quick Check,Email Check,Organization - Name,Notes - Content,Organization - Revenue(MM),Organization - Employee Count,Organization - Year Founded,Organization - Website,Person - Phone,State,Organization - Address,Key Executives (Current and Prior),Raw Address,Organization - Industry,Organization - Snippet,Person - Full Name,Person - First Name,Person - Last Name,Person - Type,Person - Email,Person - Age,High/Low
,,,,,,,,,,,,,,,food.ndtv.com
,,,,,,,,,,,,,,,www.medicalnewstoday.com
,,,,,,,,,,,,,,,time.com
,,,,,,,,,,,,,,,www.youtube.com
,,,,,,,,,,,,,,,www.healthline.com
,,,,,,,,,,,,,,,foodfacts.mercola.com
,,,,,,,,,,,,,,,thetruthaboutcancer.com
,,,,,,,,,,,,,,,www.whfoods.com
,,,,,,,,,,,,,,,www.menshealth.com
,,,,,,,,,,,,,,,www.zespri.eu
,,,,,,,,,,,,,,,draxe.com
,,,,,,,,,,,,,,,www.halfyourplate.ca
,,,,,,,,,,,,,,,www.zesprikiwi.com
,,,,,,,,,,,,,,,www.stylecraze.com
,,,,,,,,,,,,,,,www.livestrong.com
,,,,,,,,,,,,,,,www.britannica.com
,,,,,,,,,,,,,,,www.woolworths.com.au
,,,,,,,,,,,,,,,www.bhg.com
,,,,,,,,,,,,,,,www.berkeleywellness.com
,,,,,,,,,,,,,,,www.sacbee.com
,,,,,,,,,,,,,,,www.liveeatlearn.com
,,,,,,,,,,,,,,,www.yorktest.com
,,,,,,,,,,,,,,,food52.com
,,,,,,,,,,,,,,,www.allrecipes.com
,,,,,,,,,,,,,,,www.dictionary.com
,,,,,,,,,,,,,,,www.goodhousekeeping.com
,,,,,,,,,,,,,,,www.sciencedirect.com
,,,,,,,,,,,,,,,www.theguardian.com
,,,,,,,,,,,,,,,www.collinsdictionary.com
,,,,,,,,,,,,,,,www.wegmans.com
,,,,,,,,,,,,,,,www.softschools.com
,,,,,,,,,,,,,,,oscar.kiwi
,,,,,,,,,,,,,,,nutritiondata.self.com
,,,,,,,,,,,,,,,www.geniuskitchen.com
,,,,,,,,,,,,,,,savvygardening.com
,,,,,,,,,,,,,,,topfoodfacts.com
,,,,,,,,,,,,,,,www.breakingtheviciouscycle.info
,,,,,,,,,,,,,,,www.treehugger.com
,,,,,,,,,,,,,,,www.thriveglobal.com
,,,,,,,,,,,,,,,www.webmd.com
,,,,,,,,,,,,,,,www.ptinr.com
,,,,,,,,,,,,,,,www.cookinglight.com
,,,,,,,,,,,,,,,www.urbandictionary.com
,,,,,,,,,,,,,,,www.southernliving.com
,,,,,,,,,,,,,,,www.freshdirect.com
,,,,,,,,,,,,,,,greatist.com
,,,,,,,,,,,,,,,www.nature.com
,,,,,,,,,,,,,,,www.zespri.com
,,,,,,,,,,,,,,,www.snopes.com
,,,,,,,,,,,,,,,www.tis-gdv.de
,,,,,,,,,,,,,,,steamykitchen.com
,,,,,,,,,,,,,,,shop.coles.com.au
,,,,,,,,,,,,,,,www.kiwistarkiwi.com
,,,,,,,,,,,,,,,www.thepacker.com
,,,,,,,,,,,,,,,www.madeinalabama.com
,,,,,,,,,,,,,,,www.gardeningknowhow.com
,,,,,,,,,,,,,,,www.daykahackett.com
,,,,,,,,,,,,,,,journals.lww.com
,,,,,,,,,,,,,,,www.marthastewart.com
,,,,,,,,,,,,,,,www.realsimple.com
,,,,,,,,,,,,,,,www.verywellfit.com
,,,,,,,,,,,,,,,www.compacsort.com
,,,,,,,,,,,,,,,www.sigmaaldrich.com
,,,,,,,,,,,,,,,pallensmith.com
,,,,,,,,,,,,,,,www.kono.co.nz
,,,,,,,,,,,,,,,www.southeastfarmpress.com
,,,,,,,,,,,,,,,www.foodandwine.com
,,,,,,,,,,,,,,,thefamilywithoutborders.com
,,,,,,,,,,,,,,,www.curejoy.com
,,,,,,,,,,,,,,,www.tandfonline.com
,,,,,,,,,,,,,,,www.phlabs.com
,,,,,,,,,,,,,,,www.merriam-webster.com
,,,,,,,,,,,,,,,thenode.biologists.com
,,,,,,,,,,,,,,,www.huffingtonpost.com
,,,,,,,,,,,,,,,www.guinnessworldrecords.com
,,,,,,,,,,,,,,,www.heb.com
,,,,,,,,,,,,,,,www.thekitchn.com
,,,,,,,,,,,,,,,www.elsevier.com
,,,,,,,,,,,,,,,www.tripadvisor.com
,,,,,,,,,,,,,,,study.com
,,,,,,,,,,,,,,,vegetarian.lovetoknow.com
,,,,,,,,,,,,,,,mangetoutkids.com
,,,,,,,,,,,,,,,www.momjunction.com
,,,,,,,,,,,,,,,www.wikihow.com
,,,,,,,,,,,,,,,www.friedas.com
,,,,,,,,,,,,,,,www.producemarketguide.com
,,,,,,,,,,,,,,,www.calharvest.com
,,,,,,,,,,,,,,,www.publix.com
,,,,,,,,,,,,,,,health.usnews.com
,,,,,,,,,,,,,,,www.naturalfoodseries.com
,,,,,,,,,,,,,,,www.mayomedicallaboratories.com
,,,,,,,,,,,,,,,www.facebook.com
,,,,,,,,,,,,,,,www.willcookforsmiles.com
,,,,,,,,,,,,,,,www.williams-sonoma.com
,,,,,,,,,,,,,,,juliedawnfox.com
,,,,,,,,,,,,,,,www.azurestandard.com
,,,,,,,,,,,,,,,www.albomadventures.com
,,,,,,,,,,,,,,,www.healthbeckon.com
,,,,,,,,,,,,,,,bmcplantbiol.biomedcentral.com
,,,,,,,,,,,,,,,www.niwa.co.nz
,,,,,,,,,,,,,,,www.cooneyleesmorgan.co.nz
,,,,,,,,,,,,,,,www.worldatlas.com
,,,,,,,,,,,,,,,blog.dole.eu
,,,,,,,,,,,,,,,wholesomebabyfood.momtastic.com
,,,,,,,,,,,,,,,www.gardensalive.com
,,,,,,,,,,,,,,,www.kiwifruitcountry.com
,,,,,,,,,,,,,,,www.prevention.com
,,,,,,,,,,,,,,,www.ikonet.com
,,,,,,,,,,,,,,,cooking.stackexchange.com
,,,,,,,,,,,,,,,www.amazon.com
,,,,,,,,,,,,,,,www.bettycrocker.com
,,,,,,,,,,,,,,,healthyeating.sfgate.com
,,,,,,,,,,,,,,,greenblender.com
,,,,,,,,,,,,,,,wildriverfruit.com
,,,,,,,,,,,,,,,link.springer.com
,,,,,,,,,,,,,,,www.care2.com
,,,,,,,,,,,,,,,www.indyweek.com
,,,,,,,,,,,,,,,www.hallmarkchannel.com
,,,,,,,,,,,,,,,www.bbcgoodfood.com
,,,,,,,,,,,,,,,www.texasgardener.com
,,,,,,,,,,,,,,,blog.liebherr.com
,,,,,,,,,,,,,,,www.instagram.com
,,,,,,,,,,,,,,,foodiegardener.com
,,,,,,,,,,,,,,,www.emojione.com
,,,,,,,,,,,,,,,www.worldstopexports.com
,,,,,,,,,,,,,,,lifehacker.com
,,,,,,,,,,,,,,,www.megakiwifruit.com
,,,,,,,,,,,,,,,www.kiwi360.com
,,,,,,,,,,,,,,,www.suriagrofresh.com
,,,,,,,,,,,,,,,www.freshplaza.com
,,,,,,,,,,,,,,,turnto10.com
,,,,,,,,,,,,,,,www.golocalprov.com
,,,,,,,,,,,,,,,www.researchgate.net
,,,,,,,,,,,,,,,www.tripadvisor.co.nz
,,,,,,,,,,,,,,,comms.anz.co.nz
,,,,,,,,,,,,,,,www.thefresh1.com
,,,,,,,,,,,,,,,heavytable.com
,,,,,,,,,,,,,,,www.stilltasty.com
,,,,,,,,,,,,,,,parkseed.com
,,,,,,,,,,,,,,,www.hy-vee.com
,,,,,,,,,,,,,,,www.vivatierra.com
,,,,,,,,,,,,,,,www.seeka.co.nz
,,,,,,,,,,,,,,,www.myrecipes.com
,,,,,,,,,,,,,,,genius.com
,,,,,,,,,,,,,,,www.xtend-life.com
,,,,,,,,,,,,,,,www.calorieking.com
,,,,,,,,,,,,,,,www.eatthismuch.com
,,,,,,,,,,,,,,,www.superhealthykids.com
